date_str,source,url,themes,locations,persons,organizations,tone,translation_info,full_text
20260216220000,secoloditalia.it,https://www.secoloditalia.it/2026/02/addio-a-robert-duvall-icona-del-cinema-che-credeva-nei-valori-tradizionali-e-repubblicani/,TAX_POLITICAL_PARTY;TAX_POLITICAL_PARTY_REPUBLICANS;USPEC_POLITICS_GENERAL1;TAX_FNCACT;TAX_FNCACT_ACTOR;WB_2670_JOBS;WB_696_PUBLIC_SECTOR_MANAGEMENT;WB_2048_COMPENSATION_CAREERS_AND_INCENTIVES;WB_723_PUBLIC_ADMINISTRATION;WB_724_HUMAN_RESOURCES_FOR_PUBLIC_SECTOR;MEDIA_MSM;CRISISLEX_CRISISLEXREC;CRISISLEX_T03_DEAD;TAX_FNCACT_ACTRESS;TAX_FNCACT_CANDIDATE;TAX_FNCACT_FATHER;TAX_MILITARY_TITLE;TAX_MILITARY_TITLE_ADMIRAL;TAX_FNCACT_ADMIRAL;TAX_DISEASE;TAX_DISEASE_FLU;EPU_CATS_NATIONAL_SECURITY;TAX_DISEASE_CHOREA;MILITARY;WB_1467_EDUCATION_FOR_ALL;WB_2132_APPRENTICESHIP;WB_470_EDUCATION;WB_1484_EDUCATION_SKILLS_DEVELOPMENT_AND_LABOR_MARKET;ENV_COAL;MARITIME;TAX_FNCACT_MAN;TAX_FNCACT_CHILD;LEADER;TAX_FNCACT_POLITICIAN;TAX_FNCACT_SUPPORTER;TAX_POLITICAL_PARTY_REPUBLICAN;TAX_FNCACT_WOMEN;TAX_WORLDLANGUAGES;TAX_WORLDLANGUAGES_LATIN;TAX_FNCACT_DANCER;TAX_FNCACT_CHILDREN;TAX_DISEASE_INFERTILITY;TAX_FNCACT_DIRECTOR;TAX_WORLDMAMMALS;TAX_WORLDMAMMALS_HUMAN;CRISISLEX_T11_UPDATESSYMPATHY;,"1#Argentina#AR#AR#-34#-64#AR;2#California, United States#US#USCA#36.17#-119.746#CA",america latin,party republican,5.6047197640118,srclc:ita;eng:GT-ITA 1.0,"Aveva 95 anni
Addio a Robert Duvall, icona del cinema che credeva nei valori tradizionali e repubblicani
L'attore premio Oscar si √® spento nella sua casa di San Diego. Fra le sue interpretazioni indimenticabili, il consigliori del Padrino e il tenente colonnello Kilgore di Apocalypse Now
√à morto all‚Äôet√† di 95 anni Robert Duvall, icona del cinema americano e attore dalla presenza magnetica. Duvall ha recitato in pellicole che appartengono alla storia del cinema come Il Padrino e Apocalypse Now, spesso con ruoli secondari che ha saputo comunque rendere immortali con la sua interpretazione. ‚ÄúBob‚Äù, come lo chiamavano familiari e amici, nel corso della sua lunghissima e proficua carriera, ha ricevuto sei candidature, vincendo la statuetta nel 1983 per Tender mercies ‚Äì Un tenero ringraziamento.
Addio a Robert Duvall
L‚Äôattore si √® spento nella sua casa di San Diego, in California. La notizia della morte √® stata data dalla moglie, l‚Äôattrice Luciana Pedraza, attraverso un commovente post su Facebook: ¬´Circondato dall‚Äôamore, domenica 15 febbraio abbiamo detto addio al mio amato marito, prezioso amico e uno dei pi√π grandi attori del nostro tempo. Bob si √® spento serenamente a casa sua, circondato dall‚Äôaffetto e dal conforto dei familiari¬ª.
Sei candidature all‚ÄôOscar, una vittoria, quattro Golden Globe
Candidato all‚ÄôOscar per Il padrino, Apocalypse now, Il grande Santini, L‚Äôapostolo, A Civil Action e The Judge, Duvall ha inoltre vinto quattro Golden Globe, due Emmy, uno Screen Actors Guild Award e un Bafta.
La fede nei valori tradizionali
Nato il 5 gennaio 1931 a San Diego, √® cresciuto in una famiglia dalle forti tradizioni. Suo padre, William Howard Duvall, era un ammiraglio della Marina statunitense, mentre sua madre, Mildred Virginia Hart, si dilettava come attrice. L‚Äôinfluenza paterna lo porter√† a servire il proprio Paese durante la guerra di Corea, dal 1953 al 1954, esperienza che segner√† il giovane Robert e contribuir√† a modellare la profondit√† psicologica che contraddistinguer√† i suoi futuri personaggi sul grande schermo.
Dopo l‚Äôesercito, Duvall si trasferisce a New York per studiare recitazione alla Playhouse School of Theatre, dove stringe amicizia con Dustin Hoffman, James Caan e Gene Hackman. Qui inizia un lungo apprendistato sui palcoscenici di Broadway e Off-Broadway, dove costruisce la sua reputazione di attore capace di muoversi con naturalezza tra ruoli drammatici intensi e personaggi complessi. Il suo debutto avviene nel 1952 al Gateway Playhouse di Long Island e, dopo una pausa forzata dal servizio militare, torna al teatro con una serie di interpretazioni memorabili, tra cui Eddie Carbone in Uno sguardo dal ponte di Arthur Miller, ruolo che definir√† in seguito il ¬´catalizzatore della sua carriera¬ª.
Da ‚ÄúIl buio oltre la siepe‚Äù alla consacrazione con ‚ÄúIl Padrino‚Äù
Duvall fa il suo ingresso nel cinema nel 1962 con Il buio oltre la siepe di Robert Mulligan, interpretando un giovane uomo mentalmente instabile, per poi essere consacrato dieci anni dopo dal Padrino nel ruolo di Tom Hagen, consigliori e figlio adottivo di Don Vito Corleone. Da l√¨ in poi √® storia del cinema.
L‚Äôimpegno politico e filantropico
All‚Äôimpegno professionale, Duvall ha affiancato anche quello politico come sostenitore del Partito Repubblicano ‚Äì appoggiando figure come George W. Bush, Rudy Giuliani, John McCain e Mitt Romney ‚Äì e quello filantropico con la fondazione nel 2011, insieme alla moglie Luciana Pedraza, del Robert Duvall Children‚Äôs Fund per aiutare famiglie in Argentina e il sostegno a Pro Mujer, organizzazione dedicata alle donne pi√π povere dell‚ÄôAmerica Latina.
Quattro matrimoni, nessun figlio
Duvall si √® sposato quattro volte: con la ballerina Barbara Benjamin dal 1964 al 1975; con l‚Äôattrice Gail Youngs dal 1982 al 1986; poi con la ballerina Sharon Brophy dal 1991 al 1996. Nel 1997 inizi√≤ una relazione con l‚Äôattrice argentina Luciana Pedraza che ha sposato nel 2005. Nonostante i quattro matrimoni, non ha mai avuto figli e, secondo quanto dichiarato nel 2007 dall‚Äôattore, la probabile causa sarebbe stata una sua infertilit√†. Tra i suoi amici pi√π stretti figurano James Caan e Francis Ford Coppola, che testimoniano la sua capacit√† di creare legami duraturi basati sul rispetto e sull‚Äôarte condivisa.
Il ricordo della moglie: ¬´Per il mondo era l‚Äôattore da Oscar, per me era tutto¬ª
¬´Per il mondo, era un attore premiato con l‚ÄôOscar, un regista, un narratore. Per me ‚Äì ha scritto ancora la moglie sui social ‚Äì era semplicemente tutto. La sua passione per la sua arte era pari solo al suo profondo amore per i personaggi, per un buon pasto e per l‚Äôarte di intrattenere in salotto. In ciascuno dei suoi numerosi ruoli, Bob si √® dato completamente ai personaggi e alla verit√† dell‚Äôanimo umano che incarnavano. Cos√¨ facendo, lascia a ciascuno di noi qualcosa di duraturo e indimenticabile. Grazie per gli anni di supporto che gli avete dimostrato e per averci concesso il tempo e l‚Äôintimit√† necessari per celebrare i ricordi che lascia dietro di s√©¬ª."
20260215090000,termolionline.it,https://termolionline.it/2026/02/attualita/quando-odiamo-escludiamo-dio/,LEGISLATION;EPU_POLICY;EPU_POLICY_LAW;IDEOLOGY;WB_696_PUBLIC_SECTOR_MANAGEMENT;WB_840_JUSTICE;TAX_FNCACT;TAX_FNCACT_SCRIBES;KILL;CRISISLEX_T03_DEAD;TAX_FNCACT_JUDGE;TAX_FNCACT_GUARD;SOC_POINTSOFINTEREST;SOC_POINTSOFINTEREST_PRISON;WB_2495_DETENTION_PRISON_AND_CORRECTIONS_REFORM;WB_2470_PEACE_OPERATIONS_AND_CONFLICT_MANAGEMENT;WB_2432_FRAGILITY_CONFLICT_AND_VIOLENCE;WB_2490_NATIONAL_PROTECTION_AND_SECURITY;TAX_FNCACT_WOMAN;SCANDAL;TAX_FNCACT_BRIDE;TAX_FNCACT_KING;TAX_ETHNICITY;TAX_ETHNICITY_BLACK;WB_1979_NATURAL_RESOURCE_MANAGEMENT;WB_435_AGRICULTURE_AND_FOOD_SECURITY;WB_1986_MOUNTAINS;SOC_INNOVATION;TAX_WORLDMAMMALS;TAX_WORLDMAMMALS_HUMAN;UNGP_FREEDOM_FROM_DISCRIMINATION;UNGP_CRIME_VIOLENCE;TAX_DISEASE;TAX_DISEASE_INFERTILITY;AFFECT;MARITIME_INCIDENT;MARITIME;MANMADE_DISASTER_IMPLIED;TAX_DISEASE_ASPHYXIA;TAX_RELIGION;TAX_RELIGION_CHRISTIAN;TAX_ETHNICITY_CHRISTIAN;AGRICULTURE;TAX_FNCACT_FARMER;TAX_FNCACT_MAN;WB_137_WATER;,"4#Jerusalem, Israel (General), Israel#IS#IS00#31.7667#35.2333#-797092",,,-2.46238030095759,srclc:ita;eng:GT-ITA 1.0,"VANGELO STRABICO: VI Domenica Tempo Ordinario: (Sir√†cide 15, 15-20; Corinzi 2, 6-10; Matteo 5, 17-37)
Ascoltiamo il Vangelo:
‚ÄúIn quel tempo, Ges√π disse ai suoi discepoli: ¬´Non pensate che io sia venuto ad abolire la Legge o i Profeti; non son venuto per abolire, ma per dare compimento. In verit√† vi dico: finch√© non siano passati il cielo e la terra, non passer√† dalla legge neppure un iota o un segno, senza che tutto sia compiuto. Chi, dunque, trasgredir√† uno solo di questi precetti, anche minimi, e insegner√† agli uomini a fare altrettanto, sar√† considerato minimo nel regno dei cieli. Chi invece li osserver√† e li insegner√† agli uomini, sar√† considerato grande nel regno dei cieli. Poich√© io vi dico: se la vostra giustizia non superer√† quella degli scribi e dei farisei, non entrerete nel regno dei cieli. Avete inteso che fu detto agli antichi: ‚ÄúNon uccidere‚Äù; chi avr√† ucciso sar√† sottoposto a giudizio. Ma io vi dico: chiunque si adira con il proprio fratello, sar√† sottoposto a giudizio. Chi poi dice al fratello: stupido, sar√† sottoposto al sinedrio; e chi gli dice: pazzo, sar√† sottoposto al fuoco della Geenna. Se dunque presenti la tua offerta sull‚Äôaltare e l√¨ ti ricordi che tuo fratello ha qualche cosa contro di te, lascia l√¨ il tuo dono davanti all‚Äôaltare e v√† prima a riconciliarti con il tuo fratello e poi torna ad offrire il tuo dono. Mettiti presto d‚Äôaccordo con il tuo avversario mentre sei per via con lui, perch√© l‚Äôavversario non ti consegni al giudice e il giudice alla guardia e tu venga gettato in prigione. In verit√† ti dico: non uscirai di l√† finch√© tu non abbia pagato fino all‚Äôultimo spicciolo!
Avete inteso che fu detto: ‚ÄúNon commettere adulterio‚Äù; ma io vi dico: chiunque guarda una donna per desiderarla, ha gi√† commesso adulterio con lei nel suo cuore. Se il tuo occhio destro ti √® occasione di scandalo, c√†valo e gettalo via da te: conviene che perisca uno dei tuoi membri, piuttosto che tutto il tuo corpo venga gettato nella Geenna. E se la tua mano destra ti √® occasione di scandalo, t√†gliala e gettala via da te: conviene che perisca uno dei tuoi membri, piuttosto che tutto il tuo corpo vada a finire nella Geenna. Fu pure detto: ‚ÄúChi ripudia la propria moglie, le dia l‚Äôatto di ripudio‚Äù; ma io vi dico: chiunque ripudia sua moglie, eccetto il caso di concubinato, la espone all‚Äôadulterio e chiunque sposa una ripudiata, commette adulterio. Avete anche inteso che fu detto agli antichi: ‚ÄúNon spergiurare, ma adempi con il Signore i tuoi giuramenti; ma io vi dico: non giurate affatto: n√© per il cielo, perch√© √® il trono di Dio; n√© per la terra, perch√© √® lo sgabello per i suoi piedi; n√© per Gerusalemme, perch√© √® la citt√† del gran re. Non giurare neppure per la tua testa, perch√© non hai il potere di rendere bianco o nero un solo capello. Sia invece il vostro parlare s√¨, s√¨; no, no; il di pi√π viene dal maligno¬ª.
Uno dei modi concreti per essere ‚Äúsale e luce del mondo‚Äù ce lo indica Ges√π stesso, continuando in quello che si chiama il discorso della montagna. Ci invita ad essere coraggiosi, innovativi, rivoluzionari. Ges√π va alla radice del problema. Insegna che occorre debellare l‚Äôodio. √à l‚Äôodio che fa impugnare le armi. √à l‚Äôdio che fa uscire parole velenose dalla bocca e dal cuore. √à l‚Äôodio che sterilizza il cuore umano producendo sentimenti di sopraffazione, di egemonia tracotante e superbia imperante.
Dovunque c‚Äô√® odio, Dio √® escluso. E dove si esclude Dio l√¨ c‚Äô√® l‚Äôinferno. Sterilit√†. Deserto. Atrofizzazione degli affetti. Dove impera l‚Äôesclusione, la condanna, l‚Äôincapacit√† di costruire ponti ma muri, Dio √® mortificato. Messo in castigo. Escluso. L‚Äôodio √® asfittico, toglie il respiro oltre che distruggere ed avvelenare le relazioni.
‚ÄúDio √® amore‚Äù. L‚Äôantitesi dell‚Äôodio. Chi vuole essere cristiano non pu√≤ non essere coltivatore di ci√≤ che Dio semina nel cuore dell‚Äôuomo fin dal giorno del proprio battesimo.
Il vangelo ci spinge a non fermarci all‚Äôapparenza, non accontentarci della superficie, a non abbeverarci alla pozzanghera ma cercare la sorgente limpida dove sgorga acqua sorgiva che disseta, ristora, rigenera. Per questo ci invita a scoprire quel prolungamento che ci viene dal vangelo quando estende verso un concetto nuovo, una dimensione diversa il nostro modo di pensare e di relazionarci.
‚ÄúAvete inteso che fu detto‚Äù. Non basta. √à troppo superficiale, epidermico. Occorre scavare, andare a fondo, innovare, rivoluzionare perci√≤ Ges√π aggiunge ‚ÄúMa io vi dico‚Äù.
Noi dobbiamo essere abitatori del ‚ÄúMa io vi dico‚Äù e non ripiegarci ed accontentarci del ‚ÄúAvete inteso che fu detto‚Äù. Se calpestassimo solo quel terreno saremmo del vecchio pensiero. Appiattiti e anonimizzati nell‚Äôantico. Nel Vecchio Testamento. Ges√π √® venuto per traghettarci nel nuovo mondo, nel nuovo pensiero: quello che scafa e va a fondo. Entra nel cuore del problema. Risana il cuore umano indirizzandolo a Cristo e al suo insegnamento.
Don Benito Giorgetta"
20260215080000,trevisotoday.it,https://www.trevisotoday.it/attualita/emergenza-denatalita-nella-marca-a-treviso-per-ogni-giovane-ci-sono-ormai-due-anziani.html,CRISISLEX_CRISISLEXREC;WB_1609_FOOD_AND_IN_KIND_TRANSFERS;WB_1620_ELDERLY;WB_1466_SOCIAL_ASSISTANCE;WB_1618_FOOD_DISTRIBUTION;WB_697_SOCIAL_PROTECTION_AND_LABOR;NATURAL_DISASTER;NATURAL_DISASTER_EARTHQUAKE;CRISISLEX_T01_CAUTION_ADVICE;EPU_ECONOMY;EPU_ECONOMY_HISTORIC;WB_2024_ANTI_CORRUPTION_AUTHORITIES;WB_696_PUBLIC_SECTOR_MANAGEMENT;WB_831_GOVERNANCE;WB_832_ANTI_CORRUPTION;WB_2026_PREVENTION;TAX_FNCACT;TAX_FNCACT_DIOCESAN;GENERAL_HEALTH;MEDICAL;WB_1331_HEALTH_TECHNOLOGIES;WB_1350_PHARMACEUTICALS;WB_621_HEALTH_NUTRITION_AND_POPULATION;TAX_FNCACT_COMMISSIONER;TAX_FNCACT_DIRECTOR;LEADER;TAX_FNCACT_PRESIDENT;USPEC_POLITICS_GENERAL1;TAX_FNCACT_DOCTOR;UNGP_FORESTS_RIVERS_OCEANS;SOC_POINTSOFINTEREST;SOC_POINTSOFINTEREST_HOSPITAL;CRISISLEX_C03_WELLBEING_HEALTH;EDUCATION;SOC_POINTSOFINTEREST_UNIVERSITIES;ARREST;TAX_DISEASE;TAX_DISEASE_INFERTILITY;WB_1921_PRIVATE_SECTOR_DEVELOPMENT;WB_405_BUSINESS_CLIMATE;WB_2531_INSPECTIONS_LICENSING_AND_PERMITS;WB_2530_BUSINESS_ENVIRONMENT;TAX_WORLDFISH;TAX_WORLDFISH_FISH;TAX_FNCACT_MIDWIFE;WB_641_REPRODUCTIVE_AND_MATERNAL_HEALTH;WB_639_REPRODUCTIVE_MATERNAL_AND_CHILD_HEALTH;WB_1455_MIDWIVES;TAX_DISEASE_PREGNANCY;WB_135_TRANSPORT;WB_1803_TRANSPORT_INFRASTRUCTURE;WB_167_PORTS;,"1#Italy#IT#IT#42.833333#12.833333#IT;4#San Nicolo, Veneto, Italy#IT#IT20#45.4167#12.3833#-128034",,company hospital universities of padova;center the family,-1.16279069767442,srclc:ita;eng:GT-ITA 1.0,"Emergenza denatalit√† nella Marca: a Treviso per ogni giovane ci sono ormai due anziani
Inaugurato al Centro della Famiglia il ciclo ""Fertilit√† √® domani"". Bordignon (Forum Famiglie): ¬´Popolazione in calo, persi quasi duemila residenti in un anno¬ª. Gli esperti: ¬´Puntare sul ripristino della fertilit√† naturale¬ª
Non √® solo una questione di culle vuote, ma un terremoto demografico che rischia di scardinare la tenuta economica e sociale del territorio. √à questo il grido d‚Äôallarme emerso questa mattina, venerd√¨ 13 febbraio, durante il convegno ‚ÄúNatalit√† e fertilit√†. Prevenire e promuovere per favorire l‚Äôequilibrio demografico e il benessere‚Äù, svoltosi presso la sede del Centro della Famiglia di via San Nicol√≤. L‚Äôincontro ha dato ufficialmente il via a ‚ÄúFertilit√† √® domani‚Äù, un mese di eventi e prevenzione che corona i 50 anni di attivit√† dell‚Äôente diocesano. Un‚Äôanalisi che ha abbracciato medicina, politica e sociologia per affrontare quella che l‚Äôassessore Gloria Tessarolo, in apertura, ha definito una sfida cruciale per una ""citt√† solidale e inclusiva"".
I dati presentati da Adriano Bordignon, direttore del Consultorio e Presidente nazionale del Forum delle Associazioni familiari, fotografano una provincia che invecchia a ritmi record. Nel 2024 la Marca ha perso 1.823 residenti, scendendo a quota 877.000 abitanti, con un saldo naturale (differenza tra nati e morti) negativo di quasi 3.000 unit√†. Il dato pi√π impressionante riguarda per√≤ l'indice di vecchiaia: ¬´Nel 2025 ‚Äì ha spiegato Bordignon ‚Äì per ogni 100 giovani fino ai 14 anni ci sono 199,2 anziani. Solo vent'anni fa, nel 2005, il rapporto era di 123 su 100¬ª. La denatalit√† non accenna a fermarsi: nei primi dieci mesi del 2025 le nascite in provincia sono calate ulteriormente (da 4.639 a 4.599), mentre solo il Comune di Treviso mostra una timida tenuta.
Il medico di medicina generale Umberto De Conto ha allargato il campo ai fattori esterni che minano il potenziale riproduttivo: ¬´Inquinanti ambientali, interferenti endocrini e le nuove organizzazioni del lavoro hanno modificato la fertilit√† di uomini e donne¬ª. Secondo De Conto, il medico di base deve diventare una ""sentinella"" capace di identificare i fattori di rischio modificabili prima ancora che la coppia decida di concepire.
Un contributo tecnico di rilievo √® arrivato da Giuseppe Grande, andrologo dell‚ÄôAzienda Ospedale Universit√† di Padova, che ha messo in discussione l'eccessivo affidamento alla procreazione medicalmente assistita (PMA). ¬´Le tecniche di procreazione assistita hanno spesso basse percentuali di successo e implicazioni etiche e mediche complesse¬ª, ha avvertito Grande. I dati dicono che una coppia su cinque in Italia ha difficolt√† a procreare, ma un percorso diagnostico completo riduce i casi di infertilit√† ""senza causa"" (idiopatica) a solo il 5% e permette al 40% delle coppie di recuperare la fertilit√† naturale. Grande ha inoltre scardinato un tab√π: ¬´Il fattore maschile √® essenziale nel 70% delle coppie, ma viene ancora troppo spesso sottovalutato¬ª.
A chiudere la mattinata sono stati don Francesco Pesce e l‚Äôostetrica Giulia Fornasier, che hanno illustrato l'esperienza del Consultorio trevigiano. Grazie a protocolli con il Policlinico Gemelli e l'Ulss 2, il centro offre un percorso multidisciplinare (medico, dietistico e psicologico) per le coppie che non raggiungono la gravidanza dopo 18 mesi di tentativi. ¬´La consapevolezza dei ritmi della fertilit√†, unita al supporto psico-relazionale ‚Äì hanno spiegato ‚Äì porta a risultati paragonabili alla PMA, rimettendo al centro la dignit√† della coppia e il benessere integrale della persona¬ª.
TrevisoToday √® anche su Mobile! Scarica l‚ÄôApp per rimanere sempre aggiornato."
20260215084500,ilfattoquotidiano.it,https://www.ilfattoquotidiano.it/2026/02/15/us-exceptionalism-trump-immigrants-english-version/8291031/,EDUCATION;SOC_POINTSOFINTEREST;SOC_POINTSOFINTEREST_COLLEGE;TAX_FNCACT;TAX_FNCACT_SCHOLAR;TAX_ETHNICITY;TAX_ETHNICITY_AMERICAN;SOC_EXCEPTIONALISM;TAX_WORLDMAMMALS;TAX_WORLDMAMMALS_HUMAN;EPU_POLICY;EPU_POLICY_POLITICAL;RELIGION;SELF_IDENTIFIED_HUMAN_RIGHTS;TAX_FNCACT_PILGRIM;SOC_FASCISM;WB_2433_CONFLICT_AND_VIOLENCE;WB_2449_PARAMILITARIES;WB_2432_FRAGILITY_CONFLICT_AND_VIOLENCE;WB_2445_NON_STATE_SECURITY_ACTORS;TAX_FNCACT_PARAMILITARY_FORCES;IMMIGRATION;WB_2670_JOBS;WB_2769_JOBS_STRATEGIES;WB_2837_IMMIGRATION;WB_2836_MIGRATION_POLICIES_AND_JOBS;EPU_CATS_MIGRATION_FEAR_MIGRATION;CRISISLEX_CRISISLEXREC;SEIGE;UNGP_FORESTS_RIVERS_OCEANS;TAX_ETHNICITY_INDIAN;ARMEDCONFLICT;WB_2462_POLITICAL_VIOLENCE_AND_WAR;TAX_FNCACT_NOVELIST;TAX_FNCACT_OFFICIAL;SOC_POINTSOFINTEREST_SCHOOLS;EPU_CATS_NATIONAL_SECURITY;TAX_FNCACT_CITIZENS;PROTEST;WB_696_PUBLIC_SECTOR_MANAGEMENT;WB_840_JUSTICE;WB_2495_DETENTION_PRISON_AND_CORRECTIONS_REFORM;WB_2470_PEACE_OPERATIONS_AND_CONFLICT_MANAGEMENT;WB_1014_CRIMINAL_JUSTICE;WB_2490_NATIONAL_PROTECTION_AND_SECURITY;NATURAL_DISASTER;NATURAL_DISASTER_ICE;TAX_FNCACT_CRITIC;LEADER;TAX_FNCACT_PRESIDENT;USPEC_POLITICS_GENERAL1;USPEC_POLICY1;TAX_FNCACT_IMMIGRANTS;WB_621_HEALTH_NUTRITION_AND_POPULATION;WB_639_REPRODUCTIVE_MATERNAL_AND_CHILD_HEALTH;WB_2662_FERTILITY_RATE;SHORTAGE;GENERAL_HEALTH;MEDICAL;EPU_CATS_HEALTHCARE;TAX_FNCACT_ELDER;WB_1609_FOOD_AND_IN_KIND_TRANSFERS;WB_1620_ELDERLY;WB_1466_SOCIAL_ASSISTANCE;WB_1618_FOOD_DISTRIBUTION;WB_697_SOCIAL_PROTECTION_AND_LABOR;EPU_ECONOMY;EPU_ECONOMY_HISTORIC;TAX_FNCACT_EMPLOYERS;WB_2690_CATEGORIES_OF_EMPLOYMENT;WB_2689_JOBS_DIAGNOSTICS;WB_2704_EMPLOYER;ECON_INFLATION;WB_1104_MACROECONOMIC_VULNERABILITY_AND_DEBT;WB_442_INFLATION;TAX_FNCACT_EMPLOYER;TAX_FNCACT_CRIMINAL;TAX_FNCACT_GUARD;TAX_FNCACT_TROOPS;BORDER;TAX_FNCACT_AGENTS;EPU_POLICY_POLICY;DISCRIMINATION_IMMIGRATION;DISCRIMINATION_IMMIGRATION_ANTIIMMIGRATION;LEGISLATION;EPU_POLICY_LEGISLATION;TAX_ETHNICITY_AMERICANS;TAX_FNCACT_SUPPORTERS;SLFID_DICTATORSHIP;,1#El Salvador#ES#ES#13.833333#-88.916667#ES;1#United States#US#US#39.828175#-98.5795#US,barack obama;john torpey;john winthrop;sinclair lewis;louis hartz,smithsonian;united states;bloomberg,-3.40285400658617,,"Far from a special place: Trump sinks the last US myth
By John Torpey*
When I started college, now nearly a half-century ago, I was assigned to read a book called The Liberal Tradition in America by a prominent scholar named Louis Hartz. The book was then regarded as a crucial contribution to the story of ‚ÄúAmerican exceptionalism‚Äù, the idea that the United States had a special place in human destiny and, especially, in the global spread of political and religious freedom. According to an influential early pilgrim, John Winthrop, America was a shining ‚Äúcity upon a hill. The eyes of all people are upon us‚Äù.
Given that supposed shiny uniqueness, ‚Äúconsensus‚Äù historians of the mid-twentieth century widely thought that ‚Äúit‚Äù ‚Äì fascism ‚Äì ‚Äúcan‚Äôt happen here.‚Äù That view is, at best, under serious strain today. What will historians of the future make of the idea of American exceptionalism now that large numbers of masked paramilitary forces of Immigration and Customs Enforcement have been detailed, without obvious cause, to besiege our cities in the name of ‚ÄúAmerica First‚Äù?
Since the 1960s, historians have been sharply critical of the notion of American exceptionalism, especially on the grounds that the making of the United States was rather more about expropriation, enslavement, and exploitation than it was about fair-minded ‚Äútrucking and bartering‚Äù on the path to our modern prosperity. The Indian wars were quintessential Americana, central to the country‚Äôs self-understanding and reflected in the prevalence of the film Western; slavery and racism, the 1619 Project and others argued, were said to be in our cultural DNA. Even before the 1960s, novelist Sinclair Lewis had punctured the country‚Äôs self-satisfaction with a book dismantling the notion that It Can‚Äôt Happen Here. From these perspectives, the United States didn‚Äôt seem so exceptional after all.
The irony is that while the Trump administration has sought to reverse the ‚Äúcritical‚Äù understanding of our past on display in official venues such as schools and the Smithsonian, the administration has done its level best to turn the image of the United States into that of a country at war against non-white non-citizens and, if need be, against citizens protesting immigration detention efforts. Indeed, Bloomberg reports that ICE has been on a $45 billion ‚Äúbuying spree‚Äù acquiring warehouses for use as holding facilities, some of them containing as many as 5,000 beds each. The stories of mistreatment of detainees have fostered an image of the United States not as the city on the hill, but as carceral El Salvador writ large, vindicating the critics‚Äô dismissal of Hartzian history.
It should be remembered that, during two terms as president, Barack Obama deported some three million people, more than any previous president. But the brutality, cruelty, and disregard for human dignity that marks the Trump administration‚Äôs approach to immigration control has undermined Americans‚Äô support for his immigration policies, even if half the population endorses the basic goal of immigration control. There seems little doubt that the administration‚Äôs approach has encouraged immigrants to self-deport or not to come to the United States in the first place. It has also given the United States a reputation as an immigrant-unfriendly place.
This unappealing image is problematic at best because, like many wealthy countries, the United States faces declining fertility rates and a need for immigrants to fill labor shortages in hotels, restaurants, construction, landscaping, health care, elder care, and other areas of the economy. Without the cheap labor on which their employers have relied in recent years, we are likely to face inflation caused by gaps in labor power. President Trump, whose friends among the employer class confront these labor shortages directly, is said to try to make sure they do not get in the way of the functioning of their businesses.
Moreover, despite his efforts to deport large numbers of criminal aliens, Obama didn‚Äôt seek to turn ICE into a Praetorian guard for the administration, ramping up the intimidating presence of heavily armed quasi-military troops. Immigration control was historically carried out mainly at the border by agents trained to secure the borders. Now, however, immigration apprehensions are taking place far from the southern border (which has been largely shut down), implicating mainly blue American cities in the process.
The second Trump administration‚Äôs signature policy, mass deportation of racially profiled and allegedly illegal immigrants, thus seems hellbent on persuading a reasonable observer that the United States is a rapacious, white-supremacist frontiersman. The backlash against its heavy-handed immigration enforcement is reinforcing for the Administration how little time it has to carry out its anti-immigration agenda. It seems they want to turn the clock back to the 1950s on the ethnic composition of the American population, which of course has been (unintentionally) profoundly transformed by the immigration legislation of 1965.
Against this background, one imagines future historians ‚Äì and Americans more broadly ‚Äî viewing more favorably the critical history the Trump administration is currently seeking to dispel. The more the administration clamps down on illegal immigrants and their supporters, the less appealing their view of history becomes. The more despotic and dangerous the administration‚Äôs policies, the more the present becomes a realization of the critical view of our past. Call it a historical Catch-22, or being caught on the horns of a historical dilemma. After Trump, American exceptionalism will look na√Øve and pollyannaish ‚Äì surely not the way he wants to be remembered.
* John Torpey is Presidential Professor of Sociology and History and Director of the Ralph Bunche Institute for International Studies at the Graduate Center of the City University of New York"
20260215183000,ilgiornale.it,https://www.ilgiornale.it/news/nazionale/bimbo-cuore-bruciato-ecco-devono-viaggiare-organi-destinati-2610185.html,TAX_FNCACT;TAX_FNCACT_CHILD;UNGP_FORESTS_RIVERS_OCEANS;WB_135_TRANSPORT;LEADER;TAX_FNCACT_PRESIDENT;USPEC_POLITICS_GENERAL1;TAX_ETHNICITY;TAX_ETHNICITY_ITALIAN;TAX_WORLDLANGUAGES;TAX_WORLDLANGUAGES_ITALIAN;TAX_FNCACT_COURIER;EDUCATION;TAX_FNCACT_TEACHER;CRISISLEX_C07_SAFETY;TAX_DISEASE;TAX_DISEASE_INFERTILITY;WB_1160_SHOCKS_AND_VULNERABILITY;WB_695_POVERTY;CRISISLEX_CRISISLEXREC;NATURAL_DISASTER;NATURAL_DISASTER_ICE;SECURITY_SERVICES;TAX_FNCACT_POLICE;MEDICAL;GENERAL_HEALTH;TAX_WORLDMAMMALS;TAX_WORLDMAMMALS_SEALS;,1#Italy#IT#IT#42.833333#12.833333#IT,,company italian;center national transplants;trenitalia,-1.43737166324435,srclc:ita;eng:GT-ITA 1.0,"Il caso del piccolo Tommaso, il bambino che ha ricevuto il ""cuore bruciato"", ha riportato l'attenzione sul delicato argomento del trapianto di organi. In molti si domandano quale sia la normale procedura di conservazione e trasporto dei tessuti e degli organi destinati ai trapianti. Si tratta di passaggi delicatissimi, da seguire con scrupolo e rigore.
A spiegare i vari passaggi √® la dott.ssa Lucrezia Furian, presidente eletto della Societ√† italiana trapianti d'organo. Intervistata da Il Corriere, la professoressa ha spiegato che in Italia le fasi di confezionamento, conservazione e trasporto seguono una procedura elaborata dal CNT (Centro Nazionale Trapianti). Il tutto mira a garantire la sicurezza e la perfetta conservazione dell'organo mediante il rispetto della catena del freddo e della sterilit√†, due elementi fondamentali.
""Dopo il prelievo, l'organo deve essere riposto, con la soluzione di conservazione, in un contenitore, definito primario, sterile di facile e rapido impiego. Il contenitore deve essere realizzato con materiale biocompatibile, deve garantire le tecniche operatorie asettiche, per cui deve possedere almeno due barriere di sterilit√†. Deve essere rigido in almeno in una barriera di sterilit√† per la protezione meccanica dell'organo. In alternativa, possono essere utilizzati dispositivi di perfusione continua portatili certificati, che seguono una diversa procedura"", ha dichiarato la Furian.
Dunque abbiamo un contenitore primario in cui viene collocato l'organo, che sar√† poi inserito in un contenitore isotermico secondario certificato CE. Il contenitore deve inoltre presentarsi sufficientemente rigido affinch√© l'organo sia preservato da possibili urti che potrebbero danneggiarlo.
Per il raffreddamento, ha spiegato la dottoressa, viene utilizzato ghiaccio tradizionale che deve mantenere la temperatura intorno agli 0¬∞- 4¬∞. La temperatura deve poi essere mantenuta stabile su 1¬∞- 6¬∞ e gli incaricati del trasporto hanno l'obbligo di monitorare costantemente. Non sono consentiti: ghiaccio da freezer a -4¬∞, siberini, sacche di fisiologica congelate e altro.
Il ghiaccio secco usato per il trasporto del cuore andato a Tommaso non √® consentito, poich√© pu√≤ raggiungere temperature davvero bassissime, fino a -80¬∞. Le conseguenze, purtroppo, le conosciamo.
""Il trasporto deve essere tempestivo, poich√© ogni organo ha un tempo di ischemia limitato"", ha aggiunto la dottoressa Furian. ""Nella maggior parte dei casi il trasporto avviene su strada, tramite mezzi dei servizi regionali di emergenza-urgenza. Se le distanze sono elevate, si utilizza il trasporto aereo. In casi particolari possono essere attivati voli di Stato tramite la collaborazione con Aeronautica Militare. Esistono accordi specifici con Polizia di Stato e Trenitalia per esigenze urgenti o per il trasporto di campioni biologici"".
Una volta arrivato a destinazione, l'organo viene portato in sala operatoria.
Gli operatori sanitari controllano che i sigilli applicati al momento della conservazione siano integrati, poi verificano i dati relativi alla tracciabilit√† e la documentazione. Si controlla poi la temperatura. A quel punto, se tutto √® in regola, l'organo viene recuperato e rivascolarizzato: il tutto deve avvenire nel minor tempo possibile."
20260215140000,lastampa.it,https://www.lastampa.it/esteri/2026/02/15/news/opinione_pubblica_piano_contro_l_infertilita_lettera-15508971/,GENERAL_GOVERNMENT;EPU_POLICY;EPU_POLICY_GOVERNMENT;TAX_ETHNICITY;TAX_ETHNICITY_FRENCH;TAX_WORLDLANGUAGES;TAX_WORLDLANGUAGES_FRENCH;TAX_DISEASE;TAX_DISEASE_INFERTILITY;CRISISLEX_CRISISLEXREC;TAX_FNCACT;TAX_FNCACT_MINISTER;GENERAL_HEALTH;MEDICAL;TAX_FNCACT_CHILD;TAX_FNCACT_DOCTOR;TAX_FNCACT_CITIZENS;TAX_FNCACT_CHILDREN;TAX_ECON_PRICE;UNEMPLOYMENT;WB_2745_JOB_QUALITY_AND_LABOR_MARKET_PERFORMANCE;WB_2670_JOBS;WB_2689_JOBS_DIAGNOSTICS;WB_2747_UNEMPLOYMENT;UNGP_JOB_OPPORTUNITIES_EMPLOYMENT;ECON_INFLATION;WB_1104_MACROECONOMIC_VULNERABILITY_AND_DEBT;WB_442_INFLATION;KILL;UNGP_FORESTS_RIVERS_OCEANS;TAX_FNCACT_BABY;CRISISLEX_T02_INJURED;CRISISLEX_T03_DEAD;TAX_FNCACT_FEMINIST;,1#France#FR#FR#46#2#FR,,,-1.58311345646438,srclc:ita;eng:GT-ITA 1.0,"Articolo Free
Passa a premiumil caso
Bufera sul piano per la fertilit√† del governo francese. Lettere ai 29enni: ""Congelate i gameti""
La ministra della Salute St√©phanie Rist: ¬´Avere un figlio o non averne fa parte di percorsi profondamente personali¬ª"
20260215111500,zazoom.it,https://www.zazoom.it/2026-02-15/scoperto-linterruttore-energetico-dello-sperma-nuove-frontiere-per-fertilita-e-contraccezione/18658276/,WB_678_DIGITAL_GOVERNMENT;WB_2943_SWITCHES;WB_667_ICT_INFRASTRUCTURE;WB_672_NETWORK_MANAGEMENT;WB_133_INFORMATION_AND_COMMUNICATION_TECHNOLOGIES;MEDIA_MSM;NEW_CONSTRUCTION;WB_2433_CONFLICT_AND_VIOLENCE;WB_2465_REVOLUTIONARY_VIOLENCE;WB_2432_FRAGILITY_CONFLICT_AND_VIOLENCE;WB_2462_POLITICAL_VIOLENCE_AND_WAR;TAX_DISEASE;TAX_DISEASE_INFERTILITY;WB_2024_ANTI_CORRUPTION_AUTHORITIES;WB_696_PUBLIC_SECTOR_MANAGEMENT;WB_831_GOVERNANCE;WB_832_ANTI_CORRUPTION;WB_2026_PREVENTION;MEDICAL;TAX_FNCACT;TAX_FNCACT_CHILDREN;GENERAL_HEALTH;TAX_DISEASE_OBESITY;WB_1406_DISEASES;WB_1435_OBESITY;WB_621_HEALTH_NUTRITION_AND_POPULATION;WB_1427_NON_COMMUNICABLE_DISEASE_AND_INJURY;SCIENCE;TAX_DISEASE_CANCER;WB_1431_CANCER;,,,,-0.252525252525253,srclc:ita;eng:GT-ITA 1.0,"Scoperto l‚Äôinterruttore energetico dello sperma | nuove frontiere per fertilit√† e contraccezione
Gli scienziati della Michigan State University hanno scoperto un particolare ‚Äúinterruttore‚Äù molecolare che controlla l‚Äôattivit√† dello sperma durante la fase finale della sua corsa. Questa scoperta potrebbe aprire nuove strade per migliorare le tecniche di fertilit√† e sviluppare metodi di contraccezione pi√π efficaci. Un esempio concreto riguarda la possibilit√† di bloccare questa molla energetica per impedire che lo sperma raggiunga l‚Äôovulo.
Gli scienziati della Michigan State University hanno individuato un vero e proprio ‚Äúinterruttore‚Äù molecolare che alimenta lo sperma nella sua corsa finale e ad alta velocit√† verso l‚Äôuovo. La scoperta potrebbe rivoluzionare trattamenti per l‚Äôinfertilit√† e aprire la strada a nuove opzioni di controllo delle nascite maschili sicure e non ormonali. Prima dell‚Äôeiaculazione, gli spermatozoi rimangono in uno stato di bassa energia. Una volta entrati nel tratto riproduttivo femminile, si attivano rapidamente, nuotano con maggiore forza e preparano le membrane per interagire con l‚Äôuovo. Questo cambiamento richiede un improvviso aumento della produzione di energia. üîó Leggi su Billipop.com
L‚Äôalchimia dello spazio: le nuove frontiere delle tendenze in cucina
La cucina di oggi non √® pi√π solo un luogo per preparare i pasti.
Bomba nelle cliniche della fertilit√†, donatore di sperma portatore di gene killer: almeno 197 bambini nati in Europa
Una scoperta sorprendente scuote il mondo delle cliniche di fertilit√†: un donatore di sperma, portatore di un gene letale, √® responsabile della nascita di circa 200 bambini in Europa.
Leggi altri contenuti disponibili per approfondire la notizia o scorri a sinistra ‚Üê per la prossima news.Argomenti discussi: Un interruttore genetico pu√≤ bloccare la formazione delle cellule adipose: cosa ha scoperto la ricerca.
Scoperto l‚Äôinterruttore del grasso. Si trova nell‚Äôipotalamo e quando si inceppa fa aumentare di pesoLo studio pubblicato su Cell Metabolism viene presentato in maniera entusiastica dai suoi autori, convinti di aver trovato il possibile bandolo della matassa dell‚Äôobesit√†. Sono infatti convinti di ... quotidianosanita.it
Scoperto l‚Äôinterruttore generale del grasso. In arrivo una rivoluzione per la cura dell‚Äôobesit√†Individuato negli USA il meccanismo fondamentale alla base dell‚Äôobesit√†, una specie di interruttore che stimola gli adipociti a mettere da parte le riserve di grasso oppure a bruciarle. Tutto √® ... quotidianosanita.it
Tumori cerebrali pediatrici: scoperto l'interruttore molecolare che rallenta la crescita Uno studio internazionale, a cui hanno preso parte i ricercatori della Sapienza, ha identificato l'enzima coinvolto nella crescita del medulloblastoma, il tumore cerebrale malign facebook"
20260216083000,euronews.com,https://it.euronews.com/salute/2026/02/16/che-fine-fanno-ovuli-ed-embrioni-congelati-quando-non-servono-piu,TAX_FOODSTAPLES;TAX_FOODSTAPLES_EGGS;TAX_FNCACT;TAX_FNCACT_WOMEN;UNGP_FORESTS_RIVERS_OCEANS;TAX_FNCACT_CHILDREN;TAX_FNCACT_WOMAN;TAX_ECON_PRICE;ECON_COST_OF_LIVING;GENERAL_HEALTH;MEDICAL;TAX_FNCACT_DOCTORS;CRISISLEX_C03_WELLBEING_HEALTH;AFFECT;TAX_DISEASE;TAX_DISEASE_DISEASES;WB_1406_DISEASES;WB_621_HEALTH_NUTRITION_AND_POPULATION;UNGP_HEALTHCARE;TAX_DISEASE_CANCER;WB_1431_CANCER;WB_1427_NON_COMMUNICABLE_DISEASE_AND_INJURY;TAX_DISEASE_ENDOMETRIOSIS;WB_1973_FINANCIAL_RISK_REDUCTION;WB_435_AGRICULTURE_AND_FOOD_SECURITY;WB_337_INSURANCE;WB_1967_AGRICULTURAL_RISK_AND_SECURITY;USPEC_POLICY1;EPU_POLICY;EPU_POLICY_POLICY;TAX_FNCACT_DIRECTOR;TAX_FNCACT_DOCTOR;NATURAL_DISASTER;NATURAL_DISASTER_ICE;EPU_POLICY_REGULATORY;CRISISLEX_CRISISLEXREC;LEGISLATION;EPU_POLICY_LAW;TAX_DISEASE_INFERTILITY;BAN;WB_2024_ANTI_CORRUPTION_AUTHORITIES;WB_696_PUBLIC_SECTOR_MANAGEMENT;WB_831_GOVERNANCE;WB_832_ANTI_CORRUPTION;WB_2026_PREVENTION;EPU_POLICY_REGULATION;EPU_CATS_REGULATION;TAX_WORLDMAMMALS;TAX_WORLDMAMMALS_HUMAN;CRISISLEX_C07_SAFETY;TAX_ETHNICITY;TAX_ETHNICITY_SPANISH;TAX_WORLDLANGUAGES;TAX_WORLDLANGUAGES_SPANISH;,1#Poland#PL#PL#52#20#PL;1#Sweden#SW#SW#62#15#SW;1#Italy#IT#IT#42.833333#12.833333#IT;1#Spain#SP#SP#40#-4#SP,,department of prevention;association spanish,-2.35294117647059,srclc:ita;eng:GT-ITA 1.0,"Fecondazione assistita in crescita: una normativa frammentata in Europa lascia migliaia di ovociti ed embrioni in un limbo giuridico.
Le donne nascono gi√† con tutti gli ovociti che avranno nel corso della vita. Dal primo ciclo mestruale, questa riserva inizia a ridursi, cala pi√π rapidamente dopo i 35 anni e raggiunge livelli critici intorno ai 40.
Allo stesso tempo, in Europa si fanno figli sempre pi√π tardi. L‚Äôet√† media alla maternit√† √® ora di 30,9 anni e il tasso di fertilit√† √® sceso al minimo storico di 1,46 figli per donna, complice l‚Äôaumento del costo della vita e la precariet√† lavorativa.
Di fronte a questo scenario, sempre pi√π persone ricorrono a trattamenti di fertilit√†, come la fecondazione in vitro (IVF) e il congelamento di ovociti ed embrioni, nella speranza di conservare gli ovociti nel momento di massima qualit√† per un uso futuro: √® il cosiddetto ‚Äúsocial freezing‚Äù.
Il mercato globale del congelamento degli ovociti e della conservazione degli embrioni valeva 5,41 miliardi di dollari (4,55 miliardi di euro) nel 2024 ed √® destinato a crescere fino a circa 25,63 miliardi di dollari (22,1 miliardi di euro) entro il 2034.
La conservazione degli ovociti per motivi sociali segue spesso regole diverse rispetto al congelamento per motivi medici, destinato alle donne affette da malattie che minacciano la fertilit√†, come il cancro o l‚Äôendometriosi.
‚ÄúDovremmo pensare al congelamento degli ovociti come a una polizza assicurativa che si sottoscrive‚Äù, ha dichiarato a Euronews Health Saghar Kasiri, direttrice dei servizi di fertilit√† di Cryos, la pi√π grande banca del mondo di ovociti e sperma.
‚ÄúIl social egg freezing √® quasi una polizza assicurativa: metti da parte alcuni ovociti e speri di trovare il partner giusto o di arrivare a una fase della vita in cui puoi rimanere incinta in modo naturale. Se questo non accade, hai comunque un piano di riserva‚Äù, ha aggiunto.
Ma questo percorso apre anche nuove questioni: che cosa succede quando le donne non vogliono pi√π quegli ovociti o embrioni?
Pu√≤ accadere che le pazienti abbiano poi figli in modo naturale, si ammalino, cambino relazione, lavoro oppure semplicemente idea: cos√¨, chi ha congelato ovociti in vista di un certo periodo di tempo pu√≤ non desiderarli pi√π.
Lo stesso vale per gli embrioni congelati. In un ciclo medio di IVF per una donna sotto i 35 anni si producono da sei a dieci embrioni; di solito uno viene trasferito e gli altri vengono congelati.
Dal punto di vista medico, con le moderne tecniche di vitrificazione ‚Äì un congelamento ultra-rapido in azoto liquido a -196 ¬∞C ‚Äì gli embrioni congelati possono restare vitali a tempo indeterminato, perch√© si evita la formazione di cristalli di ghiaccio.
Sangue, plasma e altri tessuti, se non utilizzati, vengono eliminati in condizioni igieniche molto rigorose. Embrioni e ovociti, invece, suscitano spesso un forte coinvolgimento emotivo e dilemmi etici.
Gli embrioni si collocano in una zona grigia dal punto di vista normativo e in un‚Äôarea ancora pi√π opaca per quanto riguarda la raccolta dei dati. Non esiste un numero preciso di ovociti o embrioni ‚Äúabbandonati‚Äù, n√© statistiche aggregate sulle distruzioni o sulle donazioni.
Norme frammentarie sulla procreazione assistita in Europa
I Paesi europei adottano approcci molto diversi. Nel Regno Unito non esistono limiti al numero di embrioni che possono essere creati o trasferiti e la conservazione degli embrioni congelati √® consentita fino a 55 anni. Se i pazienti non vogliono utilizzarli, √® possibile donarli, destinarli alla ricerca oppure distruggerli.
In Polonia, la legge del 2015 sul trattamento dell‚Äôinfertilit√† vieta la distruzione degli embrioni. Dopo 20 anni la donazione ad altre coppie diventa obbligatoria.
In Italia gli embrioni non utilizzati devono restare congelati a tempo indeterminato. Non √® consentita n√© la donazione alla ricerca n√© la distruzione. Maria Rosaria Campitiello, direttrice del Dipartimento di Prevenzione del ministero della Salute, ha stimato per il 2025 oltre 10.000 embrioni abbandonati.
All‚Äôestremo opposto, in Svezia √® previsto che gli embrioni vengano distrutti dopo un massimo di 10 anni di conservazione.
Il recente regolamento europeo sulle Sostanze di origine umana (SoHO), che definisce gli standard di qualit√† e sicurezza per queste sostanze, esclude esplicitamente gli embrioni dal proprio campo di applicazione.
Scelte difficili anche quando esistono alternative
Anche nei Paesi in cui donazione e distruzione sono legali, il percorso rimane complesso.
L‚ÄôAssociazione spagnola per la fertilit√† ha stimato nel 2023 che 60.005 dei 668.082 embrioni conservati nel Paese fossero ‚Äúabbandonati‚Äù.
In Spagna le cliniche devono chiedere periodicamente la conferma o la modifica delle scelte iniziali dei pazienti. Se, dopo due tentativi, non ricevono risposta, gli embrioni passano sotto la responsabilit√† della struttura e possono essere donati, destinati alla ricerca oppure distrutti.
Il Paese √® diventato la principale destinazione europea per il congelamento degli ovociti, senza limiti di et√† n√© una durata massima di conservazione definita.
Con molti pazienti che arrivano dall‚Äôestero, contattarli e mantenere registri aggiornati pu√≤ risultare complicato.
Eppure la burocrazia non √® l‚Äôunico ostacolo.
‚ÄúGli embrioni congelati, soprattutto quando sia l‚Äôovocita sia lo sperma appartengono ai pazienti, tendono pi√π spesso a essere destinati alla distruzione. Se invece √® stato scelto un donatore, soprattutto in caso di doppia donazione, si √® pi√π propensi a donarli a un‚Äôaltra famiglia‚Äù, ha aggiunto Kasiri.
Ha spiegato che, trattandosi del proprio patrimonio genetico, i pazienti sono spesso restii a destinarlo ad altre persone."
20260216074500,scienzainrete.it,https://www.scienzainrete.it/articolo/maternit%C3%A0-trans-non-pi%C3%B9-desiderio-proibito-ma-ancora-percorso-ostacoli/maria-cristina,TAX_ETHNICITY;TAX_ETHNICITY_MAORI;TAX_WORLDLANGUAGES;TAX_WORLDLANGUAGES_MAORI;WB_615_GENDER;TAX_FNCACT;TAX_FNCACT_WOMAN;TAX_FNCACT_MAN;TAX_DISEASE;TAX_DISEASE_PREGNANCY;LEGISLATION;EPU_POLICY;EPU_POLICY_LAW;ELECTION;CRISISLEX_T11_UPDATESSYMPATHY;EPU_CATS_MIGRATION_FEAR_FEAR;TAX_DISEASE_ANOMALY;MEDICAL;CONSTITUTIONAL;TAX_FNCACT_CHILDREN;UNGP_FORESTS_RIVERS_OCEANS;TAX_FNCACT_SPOKESMAN;MOVEMENT_GENERAL;TAX_FNCACT_JUDGE;TAX_DISEASE_INFERTILITY;CRISISLEX_CRISISLEXREC;EDUCATION;TAX_FNCACT_PROFESSOR;SOC_POINTSOFINTEREST;SOC_POINTSOFINTEREST_UNIVERSITY;WB_1331_HEALTH_TECHNOLOGIES;WB_2453_ORGANIZED_CRIME;WB_1350_PHARMACEUTICALS;WB_2433_CONFLICT_AND_VIOLENCE;WB_621_HEALTH_NUTRITION_AND_POPULATION;WB_2432_FRAGILITY_CONFLICT_AND_VIOLENCE;WB_2456_DRUGS_AND_NARCOTICS;TAX_ECON_PRICE;GENERAL_HEALTH;CRISISLEX_C03_WELLBEING_HEALTH;AFFECT;TAX_DISEASE_DISEASES;WB_1406_DISEASES;UNGP_HEALTHCARE;TAX_DISEASE_ENDOMETRIOSIS;TAX_FNCACT_TEACHER;USPEC_POLICY1;EPU_POLICY_SPENDING;DISCRIMINATION;WB_1921_PRIVATE_SECTOR_DEVELOPMENT;WB_405_BUSINESS_CLIMATE;WB_2531_INSPECTIONS_LICENSING_AND_PERMITS;WB_2530_BUSINESS_ENVIRONMENT;NEGOTIATIONS;TAX_FNCACT_GYNECOLOGIST;WB_1453_CONTRACEPTIVES;WB_641_REPRODUCTIVE_AND_MATERNAL_HEALTH;WB_1452_FAMILY_PLANNING;WB_639_REPRODUCTIVE_MATERNAL_AND_CHILD_HEALTH;TAX_FNCACT_MIDWIVES;WB_1455_MIDWIVES;TAX_FNCACT_WOMEN;ECON_TAXATION;EPU_POLICY_TAX;EPU_CATS_TAXES;WB_1467_EDUCATION_FOR_ALL;WB_470_EDUCATION;WB_2131_EMPLOYABILITY_SKILLS_AND_JOBS;WB_1484_EDUCATION_SKILLS_DEVELOPMENT_AND_LABOR_MARKET;WB_696_PUBLIC_SECTOR_MANAGEMENT;WB_2048_COMPENSATION_CAREERS_AND_INCENTIVES;WB_723_PUBLIC_ADMINISTRATION;WB_2058_INDIVIDUAL_PERFORMANCE_MANAGEMENT;WB_724_HUMAN_RESOURCES_FOR_PUBLIC_SECTOR;TAX_DISEASE_CANCER;WB_1431_CANCER;WB_1427_NON_COMMUNICABLE_DISEASE_AND_INJURY;TAX_DISEASE_CANCER_OF_CERVIX;EPU_CATS_HEALTHCARE;TAX_WORLDMAMMALS;TAX_WORLDMAMMALS_LEOPARD;WB_695_POVERTY;TAX_FNCACT_FATHER;TAX_ETHNICITY_ITALIAN;TAX_WORLDLANGUAGES_ITALIAN;TAX_FNCACT_CHILD;GENERAL_GOVERNMENT;TAX_WORLDLANGUAGES_FARSI;WB_135_TRANSPORT;WB_1803_TRANSPORT_INFRASTRUCTURE;WB_167_PORTS;MANMADE_DISASTER_IMPLIED;,"4#Palermo, Sicilia, Italy#IT#IT15#38.1167#13.3667#-123798;1#Italy#IT#IT#42.833333#12.833333#IT",,gynecology university of palermo;institution upper of health;services health regional;movement identity;a court constitutional;court constitutional;obstetrics university,-1.51715039577836,srclc:ita;eng:GT-ITA 1.0,"‚ÄúUomo-madre‚Äù √® un‚Äôespressione che incrina l‚Äôidea binaria di maternit√† e paternit√† ancora dominante nella cultura e nelle norme italiane. Eppure oggi, anche grazie all‚Äôevoluzione giuridica e medica, non √® pi√π impensabile che uomini transgender possano concepire, portare avanti la gestazione, partorire. Anche se - tra fertilit√†, accesso alle cure, ostacoli burocratici e riconoscimento legale - la genitorialit√† trans resta un percorso complesso, nel quale si intrecciano questioni di diritto, medicina e societ√†
¬´Uomo-madre¬ª, cos√¨ si definisce Egon Botteghi, attivista, referente per la genitorialit√† delle persone transgender della Rete Genitori Rainbow, nel libro Storie di genitori trans*, (Villaggio Maori Edizioni, 2024), in cui racconta del suo percorso di vita, del figlio e della figlia nati prima della sua affermazione di genere, con cui ha mantenuto un rapporto materno. Quello di uomo-madre √® un concetto destabilizzante per una societ√† che √® ancora fortemente binaria: la maternit√† nella nostra cultura √® associata alla femminilit√†, dunque una persona che partorisce √® madre e una madre √® donna. √à stata a lungo impensabile l‚Äôidea di un uomo con fattezze maschili, che all‚Äôanagrafe risulta di genere maschile e che in passato ha partorito o addirittura che adesso, con queste sue fattezze maschili, sta portando avanti una gravidanza.
¬´La legge numero 164 del 1982 venne inizialmente interpretata come se la condizione necessaria per ottenere la rettifica dei documenti di una persona transgender fosse un intervento chirurgico demolitivo, per adeguare il suo corpo al genere di elezione¬ª, spiega Botteghi. ¬´Alla base di questa interpretazione c‚Äôera la volont√† di classificare il corpo e l‚Äôidentit√† delle persone come maschili o come femminili. Ma c‚Äôera anche, io ritengo, la volont√† di sterilizzare le persone trans, di cancellare la loro capacit√† procreativa, per il timore che riproducendosi possano perpetuare l‚Äôanomalia della loro esistenza, trasmettere alla prole un inesistente ‚Äúgene trans‚Äù. √à una considerazione eugenetica che qualcuno esprime apertamente e tanti probabilmente non esprimono ma condividono. Cancellando la capacit√† riproduttiva delle persone transgender con la chirurgia si aboliva anche l‚Äôidea che potessero avere un desiderio di genitorialit√† e di conseguenza loro stesse erano portate a considerare la paternit√† o la maternit√† non compatibili con la propria identit√†¬ª.
Nonostante la legge 164 sia tuttora in vigore, l‚Äôinterpretazione riguardo l‚Äôobbligo di sottoporsi a un intervento chirurgico √® venuta meno in virt√π della sentenza della Corte Costituzionale numero 221 del 2015. Oggi quindi nel nostro Paese √® possibile che una persona risulti all‚Äôanagrafe appartenente al genere maschile ma sia dotata di un apparato riproduttivo femminile, potenzialmente in grado di concepire e portare avanti una gravidanza. ¬´Un tempo un uomo transgender poteva essere genitore solo se aveva messo al mondo figli o figlie prima della transizione, come nel mio caso. Oggi l‚Äôuomo gestante o l‚Äôuomo che partorisce non sono pi√π concetti inconcepibili¬ª, osserva Botteghi, ¬´sono progetti di vita realizzabili e in alcuni casi sono gi√† realt√†¬ª.
Preservare la fertilit√†
¬´In seguito alla sentenza del 2015, non √® obbligatorio neppure intraprendere un trattamento ormonale di affermazione di genere per ottenere la rettifica dei documenti, ma √® prassi consolidata che la persona richiedente abbia conseguito dei mutamenti dei caratteri sessuali secondari, che si ottengono appunto con la terapia ormonale¬ª, spiega Roberta Parigiani, avvocata e portavoce del Movimento Identit√† Trans. ¬´Sono rari i casi in cui un giudice ha dato il consenso alla rettifica anche senza il ricorso alla terapia ormonale¬ª.
Nella prospettiva di una gravidanza √® d‚Äôobbligo chiedersi, allora: che impatto pu√≤ avere la somministrazione di testosterone sull‚Äôapparato riproduttivo femminile e sulla sua funzionalit√†? ¬´Il testosterone pu√≤ causare infertilit√† temporanea sopprimendo l‚Äôattivit√† ovulatoria, ma le evidenze disponibili indicano che non determina un danno irreversibile alla qualit√† degli ovociti¬ª, risponde Antonio Lagan√†, professore associato di Ginecologia dell‚ÄôUniversit√† di Palermo. ¬´Quelli recuperati dopo terapia ormonale mostrano competenza simile a quelli di soggetti non esposti e la riserva ovarica sembra relativamente preservata nella maggior parte dei casi. Non ci sono prove solide di insufficienza ovarica precoce indotta da testosterone. Tuttavia, i dati a lungo termine restano limitati. L‚Äôopzione pi√π prudente √® crioconservare una riserva di ovociti prima del trattamento ormonale. L‚Äôutilizzo di ovociti che non sono stati esposti al testosterone per una eventuale successiva gravidanza elimina ogni dubbio su effetti diretti del farmaco. √à l‚Äôopzione con il profilo di sicurezza biologica pi√π elevato¬ª.
Ben prima che in Italia fosse consentito alle persone transgender di ottenere la rettifica dei documenti senza rinunciare all‚Äôapparato riproduttivo, le linee guida internazionali raccomandavano di offrire un counseling specifico sul tema della fertilit√† a chi si apprestava a intraprendere un percorso di affermazione di genere. Con la sentenza del 2015, il counseling √® diventato una prassi anche nel nostro Paese e di solito si prospetta la possibilit√† di crioconservare i gameti per uso futuro.
¬´In questo caso, per√≤, i costi del prelievo e della preservazione degli ovociti non sono rimborsati dal servizio sanitario pubblico, ma sono a carico dell‚Äôutente, al contrario di quello che √® previsto per le pazienti oncologiche o per quelle affette da altre patologie come l‚Äôendometriosi, che si accingono a intraprendere terapie potenzialmente lesive per la loro fertilit√†. Per loro i costi sono rimborsati¬ª, dice Maria Cristina Meriggiola, professoressa associata di Ginecologia e Ostetricia dell‚ÄôUniversit√† di Bologna.
PMA o gravidanza spontanea
La spesa per la conservazione √® un ostacolo discriminatorio che fa il paio con quello che incontra un uomo transgender nel momento in cui vuole utilizzare i propri ovociti preservati per cercare una gravidanza con l‚Äôaiuto della procreazione medicalmente assistita. ¬´In Italia la legge consente l‚Äôaccesso alla PMA alle coppie di sesso diverso, coniugate o conviventi. Teoricamente quindi una coppia formata da un uomo transgender e da una donna potrebbe usufruirne¬ª, spiega l‚Äôavvocata Parigiani. ¬´Tuttavia di fatto nel nostro Paese in queste situazioni c‚Äô√® una barriera che costringe le coppie a rivolgersi a strutture che operano all‚Äôestero¬ª.
D‚Äôaltra parte, come abbiamo visto, l‚Äôassunzione di testosterone nella maggior parte dei casi non compromette la funzionalit√† delle ovaie e la riserva di ovociti. ¬´Se il trattamento ormonale non √® durato molto a lungo, i suoi effetti sull‚Äôapparato riproduttivo sono reversibili e di solito alla sua sospensione il ciclo ovulatorio riprende, consentendo la ricerca di una gravidanza spontanea. Tanti percorrono questa strada per realizzare i loro progetti riproduttivi¬ª, osserva la ginecologa Meriggiola. ¬´Attenzione, non si pu√≤ escludere l‚Äôeventualit√† di una gravidanza spontanea a seguito di un rapporto non protetto anche durante l‚Äôassunzione del testosterone, che riduce l‚Äôattivit√† ovarica ma non la sopprime del tutto. Si sono verificati dei casi simili anche in Italia. √à importante essere consapevoli di questo rischio e adottare un mezzo contraccettivo sicuro¬ª.
Se la terapia ormonale non si √® protratta a lungo e viene interrotta prima di cercare una gravidanza, il rischio di complicazioni ostetriche durante l‚Äôattesa √® sovrapponibile a quello delle gravidanze nelle donne cisgender. ¬´La sospensione del testosterone prima del concepimento √® cruciale perch√© l‚Äôormone √® teratogeno: pu√≤ causare virilizzazione dei genitali esterni dei feti con cromosomi XX e anomalie dello sviluppo¬ª, spiega il ginecologo Lagan√†. ¬´√à associato anche a rischio aumentato di aborto¬ª.
Questione di codice fiscale
¬´√à consigliabile per le persone transgender che progettano una maternit√† rivolgersi a una struttura che abbia esperienza specifica, dove operi un‚Äôequipe multidisciplinare con competenze di ginecologia e di endocrinologia e, soprattutto, dove l‚Äôambiente sia inclusivo e rispettoso e il personale preparato a gestire le complessit√† amministrative che possono emergere in questi casi¬ª, osserva Meriggiola.
L‚Äôaccesso a tutte le prestazioni erogate dai Servizi Sanitari Regionali √® legato al codice fiscale, che √® rigorosamente binario: prevede solo utenti di genere maschile o femminile. ¬´Per un utente che ha codice fiscale maschile √® estremamente complicato, per esempio, sottoporsi ai test di screening per il tumore del collo dell‚Äôutero, pur avendo l‚Äôutero¬ª, spiega l‚Äôavvocata. ¬´Oggi alcune aziende sanitarie locali, formate grazie all‚Äôimpegno dell‚Äôattivismo, sanno come gestire questi meccanismi burocratici e sono pronte a offrire un‚Äôassistenza flessibile anche alle gravidanze transgender. Purtroppo sono distribuite a macchia di leopardo in un contesto generale di impreparazione¬ª.
Gi√† nel 2023 il gruppo di lavoro sulle disuguaglianze di salute legate al genere dell‚ÄôIstituto Superiore di Sanit√† aveva dedicato all‚Äôargomento un documento di indirizzo, mettendo l‚Äôaccento sulle ricadute negative per la salute fisica e psicologica che questi ostacoli organizzativi comportano.
Madre o padre
Rigorosamente binario √® anche il certificato di nascita italiano. ¬´Non prevede la possibilit√† di identificare come padre la persona che ha dato alla luce il bambino o la bambina, ragione per cui un uomo transgender che partorisce nel nostro Paese viene iscritto nel certificato come madre, nonostante dai suoi documenti risulti di genere maschile, cos√¨ come non √® possibile al momento registrare una persona all‚Äôanagrafe con un terzo genere diverso da maschile o femminile. La Corte Costituzionale nel 2024 ha chiarito che dell‚Äôargomento √® necessario che si occupi il Parlamento¬ª, spiega Parigiani.
La scelta di una persona transgender se farsi chiamare mamma o pap√†, o in qualche altro modo ancora, √® strettamente personale ed √® legata al vissuto di chi porta la gravidanza e partorisce. ¬´Io sono la madre dei miei figli e tale sono rimasto anche dopo la mia affermazione di genere. Sono un uomo-madre¬ª, dice Egon Botteghi. ¬´C‚Äô√® chi preferisce essere chiamato padre. Per chi decide di intraprendere una gravidanza dopo avere iniziato il trattamento ormonale, interrompere l‚Äôassunzione del testosterone e osservare i cambiamenti del proprio corpo pu√≤ essere fonte di disagio o sofferenza, ma non sempre √® cos√¨. La gravidanza per un uomo transgender non √® necessariamente un ritorno al femminile. C‚Äô√® chi la vive come l‚Äôesperienza di mettere al mondo un figlio o una figlia nel modo in cui il suo corpo gli consente di fare: semplicemente una persona che diventa genitore¬ª."
20260216203000,marigliano.net,https://www.marigliano.net/2026/02/benessere-maschile-allo-s-m-p-dott-ri-raia-ecografie-e-consulenze-specialistiche/119040/,EPU_CATS_REGULATION;EPU_CATS_FINANCIAL_REGULATION;TAX_FNCACT;TAX_FNCACT_SPECIALIST;GENERAL_HEALTH;MEDICAL;TAX_FNCACT_DOCTOR;WB_1331_HEALTH_TECHNOLOGIES;WB_1350_PHARMACEUTICALS;WB_621_HEALTH_NUTRITION_AND_POPULATION;WB_2024_ANTI_CORRUPTION_AUTHORITIES;WB_696_PUBLIC_SECTOR_MANAGEMENT;WB_831_GOVERNANCE;WB_832_ANTI_CORRUPTION;WB_2026_PREVENTION;TAX_DISEASE;TAX_DISEASE_DISEASES;WB_1406_DISEASES;UNGP_HEALTHCARE;TAX_DISEASE_INFERTILITY;TAX_ECON_PRICE;,,,,0.826446280991736,srclc:ita;eng:GT-ITA 1.0,"MARIGLIANO ‚Äì Lo studio medico polispecialistico dott.ri Raia- Fisioterapia e Medicina Riabilitativa organizza per sabato 21 febbraio una giornata speciale dedicata alla prevenzione e al benessere maschile, intitolata ‚ÄúSalute & Prevenzione‚Äù. L‚Äôevento si terr√† dalle 9.30 alle 15.30 presso la sede dello studio, offrendo ai partecipanti la possibilit√† di effettuare controlli specialistici mirati.
Durante la giornata saranno effettuati screening urologico e andrologico per la prevenzione di alcune patologie frequenti negli uomini, tra cui: varicocele, cistiti ricorrenti, malattie della prostata, infertilit√† maschile.
Le visite comprenderanno ecografia prostatica e delle vie urinarie, accompagnata da una consulenza specialistica del dottor Nicola Spiezia, specialista in Urologia e Andrologia.
Il costo della visita √® di ‚Ç¨60,00 e la prenotazione √® obbligatoria."
20260216194500,firenzetoday.it,https://www.firenzetoday.it/eventi/madre-mistero-kore-spettacolo-donatella-alamprese-teatro-cestello.html,TAX_FNCACT;TAX_FNCACT_SINGER;TAX_FNCACT_DIRECTOR;KILL;TAX_ETHNICITY;TAX_ETHNICITY_GREEK;TAX_WORLDLANGUAGES;TAX_WORLDLANGUAGES_GREEK;TAX_FNCACT_QUEEN;AGRICULTURE;TAX_FOODSTAPLES;TAX_FOODSTAPLES_WHEAT;KIDNAP;TAX_DISEASE;TAX_DISEASE_INFERTILITY;UNGP_FORESTS_RIVERS_OCEANS;WB_615_GENDER;TAX_FNCACT_WOMAN;TAX_FNCACT_ACTRESS;TAX_ETHNICITY_ITALIAN;TAX_WORLDLANGUAGES_ITALIAN;TAX_FNCACT_ARTIST;,1#Greece#GR#GR#39#22#GR;1#Italy#IT#IT#42.833333#12.833333#IT,,,-0.598802395209581,srclc:ita;eng:GT-ITA 1.0,"""MADRE - mistero di Kore"" , lo spettacolo di Donatella Alamprese
""MADRE - mistero di Kore"", spettacolo teatrale e musicale con Donatella Alamprese, voce cantante e recitante, e con Annachiara Fabrizio, andr√† in scena al Teatro di Cestello a Firenze, sabato 7 marzo ore 20,45 e domenica 8 marzo ore 16,45.
Drammaturgia e regia di Roberto Riviello, musiche composte ed eseguite da Fabio Albertosi e Marco Giacomini, coreografie di Cristina Borgia e Angela Menicatti, scene di Cecilia Micolano.
Lo spettacolo, rielaborazione dell'antico mito greco di Demetra e Kore, regina degli Inferi, racconta di come gli uomini hanno scoperto l'agricoltura e la coltivazione del grano, dando vita ad una forma di civilt√† pi√π evoluta, con il graduale abbandono del nomadismo a favore della stanzialit√†, mito, al quale, √® strettamente collegata la genesi delle stagioni.
Kore, figlia di Demetra, dea dell'agricoltura e della fertilit√† della terra, viene rapita da Ade, dio degli Inferi. Ma la disperazione e il profondo dolore della madre per il rapimento della figlia, causa la sterilit√† della terra. Si giunge, cos√¨, ad un compromesso: Kore vivr√† sei mesi con Ade agli Inferi, periodo triste per Demetra che porter√† sulla Terra l'autunno e l'inverno, e sei mesi con la madre riportando, con la primavera e l'estate, la fertilit√† e il risveglio della natura, dando cos√¨ origine all'alternarsi delle stagioni.
Riletti sotto la luce della contemporaneit√†, nella drammaturgia di Riviello, i temi descritti nel racconto mitologico si collegano, sia alla necessit√† del rispetto per l'ambiente, sia al tema della parit√† di genere, espressamente evidenziato dalla scelta della data per il debutto dello spettacolo: la Festa della donna.
Fondamentale il ruolo di Donatella Alamprese, cantante dalla vocalit√† eclettica che, protagonista di ""MADRE"", entusiasmer√† il pubblico anche come attrice, coprendo il doppio ruolo con magistralit√† e grande carica emotiva.
Le musiche di Fabio Albertosi e Marco Giacomini, spaziando dai ritmi e le sonorit√† della musica popolare a momenti che rimandano alla tradizione operistica italiana, saranno capaci di esaltare le doti e la figura dell'artista impegnata in questa doppia veste, e di tradurre lo spettacolo in una performance unica e indimenticabile.
Per chiarimenti e/o interviste:
338-7246141 / 333-4050559
A proposito di Eventi
A Firenze prende vita la Parigi di fine Ottocento con la mostra ""Toulouse-Lautrec""
- dal 27 settembre 2025 al 22 febbraio 2026
- Museo degli Innocenti
Torna a Firenze Ciokofl√≤, il festival del cioccolato
- dal 12 al 15 marzo 2026
- piazza Santa Croce
- Gratis
L‚Äôinedita mostra ‚ÄúOceani. David Doubilet‚Äù a Villa Bardini
- dal 21 ottobre 2025 al 12 aprile 2026
- Villa Bardini
Alla Cattedrale dell'Immagine di Firenze la nuova mostra immersiva ""Frida Khalo - Emotion Exhibition""
- dal 7 dicembre 2025 al 29 marzo 2026
- Cattedrale dell'Immagine"
20260216201500,ilfattonisseno.it,https://www.ilfattonisseno.it/2026/02/e-morto-robert-duvall-lattore-aveva-95-anni/,TAX_FNCACT;TAX_FNCACT_ACTOR;TAX_ECON_PRICE;TAX_FNCACT_DIRECTOR;WB_2670_JOBS;WB_696_PUBLIC_SECTOR_MANAGEMENT;WB_2048_COMPENSATION_CAREERS_AND_INCENTIVES;WB_723_PUBLIC_ADMINISTRATION;WB_724_HUMAN_RESOURCES_FOR_PUBLIC_SECTOR;TAX_WORLDMAMMALS;TAX_WORLDMAMMALS_HUMAN;CRISISLEX_T11_UPDATESSYMPATHY;TAX_FNCACT_INTERPRETERS;TAX_FNCACT_MAN;TAX_MILITARY_TITLE;TAX_MILITARY_TITLE_COLONEL;TAX_FNCACT_COLONEL;EPU_CATS_NATIONAL_SECURITY;TAX_FNCACT_SINGER;TAX_FNCACT_FATHER;TAX_MILITARY_TITLE_ADMIRAL;TAX_FNCACT_ADMIRAL;TAX_FNCACT_ACTRESS;TAX_DISEASE;TAX_DISEASE_FLU;TAX_DISEASE_CHOREA;MILITARY;WB_1467_EDUCATION_FOR_ALL;WB_2132_APPRENTICESHIP;WB_470_EDUCATION;WB_1484_EDUCATION_SKILLS_DEVELOPMENT_AND_LABOR_MARKET;CRISISLEX_CRISISLEXREC;ENV_COAL;MARITIME;TAX_WORLDLANGUAGES;TAX_WORLDLANGUAGES_FARSI;TAX_FNCACT_CHILD;TAX_FNCACT_INTERPRETER;MEDIA_MSM;UNGP_CRIME_VIOLENCE;UNGP_FORESTS_RIVERS_OCEANS;CRISISLEX_C04_LOGISTICS_TRANSPORT;TAX_FNCACT_SUPPORTER;USPEC_POLITICS_GENERAL1;TAX_POLITICAL_PARTY;TAX_POLITICAL_PARTY_REPUBLICAN;TAX_FNCACT_WOMEN;TAX_WORLDLANGUAGES_LATIN;TAX_FNCACT_DANCER;TAX_FNCACT_CHILDREN;TAX_DISEASE_INFERTILITY;,1#Argentina#AR#AR#-34#-64#AR,america latin;paul martini,reuters;party republican,3.98230088495575,srclc:ita;eng:GT-ITA 1.0,"(Adnkronos) ‚Äì E' morto Robert Duvall. L'attore, 95 anni, √® deceduto ieri come ha reso noto la moglie, Luciana Duvall. ""Ieri abbiamo detto addio al mio amato marito, caro amico e uno dei pi√π grandi attori del nostro tempo"", ha scritto sui social. ""Bob se n'√® andato serenamente a casa, circondato da amore e conforto. Per il mondo, era un attore premio Oscar, un regista, un narratore. Per me, era semplicemente tutto"". Duvall in carriera ha vinto un Oscar per l'interpretazione in 'Un tenero ringraziamento'. Ha ricevuto le nomination per i ruoli in Il padrino, Apocalypse Now e Il grande Santini, L'apostolo, A Civil Action e The Judge. Ha inoltre vinto quattro Golden Globe, due Emmy, uno Screen Actors Guild Award ed un Bafta. ""La sua passione per la sua arte era pari solo al suo profondo amore per i personaggi, per un buon pasto e per l‚Äôarte di intrattenere in salotto. In ciascuno dei suoi numerosi ruoli, Bob si √® dato completamente ai personaggi e alla verit√† dell‚Äôanimo umano che incarnavano"", ha aggiunto la moglie nel messaggio. ""Cos√¨ facendo, lascia a ciascuno di noi qualcosa di duraturo e indimenticabile. Grazie per gli anni di supporto che gli avete dimostrato e per averci concesso il tempo e l‚Äôintimit√† necessari per celebrare i ricordi che lascia dietro di s√©"". Robert Selden Duvall, icona del cinema americano e attore dalla presenza magnetica, √® stato, a partire dagli anni Sessanta, uno degli interpreti pi√π celebri del grande schermo, capace di offrire intense interpretazioni, anche grazie a un volto fortemente caratterizzato ed espressivo, il pi√π delle volte in parti di personaggi scomodi o violenti. Alla sua carriera di attore, che ha conosciuto un'inarrestabile progressione in ruoli secondari di grande spessore, dagli anni Ottanta Duval ha affiancato anche una sporadica ma brillante attivit√† di regista. Ottenute due nominations agli Oscar come miglior attore non protagonista, nel 1973 per ""Il padrino"" (1972) e nel 1980 per ""Apocalypse now"" (1979), entrambi diretti da Francis Ford Coppola, ha ricevuto l'ambito premio nel 1983, questa volta come protagonista, per ""Tender mercies ‚Äì Un tenero ringraziamento"" (1982) di Bruce Beresford. Nel corso della carriera ha ricevuto complessivamente sei candidature all'Oscar, tra cui quelle per ""Il grande Santini"" (1980), ""L'apostolo"" (1997), ""A Civil Action"" (1998) e ""The Judge"" (2014). Ha inoltre vinto quattro Golden Globe, due Emmy, uno Screen Actors Guild Award ed un Bafta. Per i milioni di spettatori che hanno seguito la sua carriera, Duvall rester√† l'uomo dallo sguardo penetrante, capace di attraversare con la sua recitazione il cuore stesso dei personaggi, dalla spietatezza di un colonnello in guerra alla fragile redenzione di un cantante country al tramonto della vita.
Nato il 5 gennaio 1931 a San Diego, Robert Duvall cresce in una famiglia dalle forti tradizioni. Suo padre, William Howard Duvall, era un ammiraglio della Marina statunitense, mentre sua madre, Mildred Virginia Hart, si dilettava come attrice. L'influenza paterna lo porter√† a servire il proprio paese durante la guerra di Corea, dal 1953 al 1954, esperienza che segner√† il giovane Robert e contribuir√† a modellare la profondit√† psicologica che contraddistinguer√† i suoi futuri personaggi sul grande schermo. Dopo l'esercito, Duvall si trasferisce a New York per studiare recitazione alla Playhouse School of Theatre, dove stringe amicizia con Dustin Hoffman, James Caan e Gene Hackman. Qui inizia un lungo apprendistato sui palcoscenici di Broadway e Off-Broadway, dove costruisce la sua reputazione di attore capace di muoversi con naturalezza tra ruoli drammatici intensi e personaggi complessi. Il suo debutto avviene nel 1952 al Gateway Playhouse di Long Island e, dopo una pausa forzata dal servizio militare, torna al teatro con una serie di interpretazioni memorabili, tra cui Eddie Carbone in ""Uno sguardo dal ponte"" di Arthur Miller, ruolo che Duvall definir√† in seguito il ""catalizzatore della sua carriera"". Duvall fa il suo ingresso nel cinema nel 1962 con ""Il buio oltre la siepe"" di Robert Mulligan, interpretando un giovane uomo mentalmente instabile. Gli anni Sessanta e Settanta vedono il suo talento farsi notare con ruoli progressivamente pi√π significativi: da ""Capitan Newman"" (1963) di David Miller a ""Mash"" (1970) di Robert Altman, fino all'incontro decisivo con Francis Ford Coppola. √à ""Il Padrino"" (1972) a consacrarlo come attore di livello internazionale, interpretando Tom Hagen, consigliere e figlio adottivo di Don Vito Corleone. Bench√© tra lui e Marlon Brando ci fossero solo sette anni di differenza, Duvall riesce a incarnare la maturit√†, la saggezza e la lealt√† del personaggio, diventando subito un punto di riferimento per la critica e il pubblico. Il suo lavoro prosegue con ""Il Padrino ‚Äì Parte II"" (1974), consolidando una carriera gi√† segnata dall'eccellenza. La sua collaborazione con Coppola si ripete in ""Apocalypse Now"" (1979), dove interpreta il colonnello William Kilgore, figura di lucida follia e determinazione ossessiva, immortalata nella celebre frase: ""Mi piace l'odore del napalm al mattino"". Questo ruolo gli vale una candidatura all'Oscar e un Golden Globe, confermando la sua capacit√† di trasportare sullo schermo figure complesse, talvolta disturbanti, con una naturalezza e un‚Äôintensit√† raramente viste. Duvall non √® solo interprete, ma anche narratore della vita stessa dei suoi personaggi. Nel 1983 vince l'Oscar come miglior attore protagonista per ""Tender Mercies ‚Äì Un tenero ringraziamento"", dove interpreta Mac Sledge, un cantante country alcolizzato che ritrova la forza di vivere grazie all‚Äôamore e alla redenzione personale. Questa performance testimonia il suo approccio unico al mestiere: ogni personaggio viene studiato nei minimi dettagli, restituito con verit√† e umanit√†.
Parallelamente, Duvall si cimenta come regista con ""Angelo, amore mio"" (1983) e successivamente con ""L'apostolo"" (1997), film che gli valgono due Independent Spirit Awards e una nuova candidatura all'Oscar. La regia, pur sporadica, evidenzia un'altra dimensione del suo talento: la capacit√† di raccontare storie intime e complesse con la stessa intensit√† dei ruoli interpretati. Dopo ""Il migliore"" (1984), Duvall continua a distinguersi con ruoli intensi, come in ""Colors ‚Äì Colori di guerra"" (1988) di Dennis Hopper, e negli anni Novanta alterna film d'azione e drammi, tra cui ""Giorni di tuono"" (1990), ""Ricordando Hemingway"" (1993) e ""Un giorno di ordinaria follia"" (1993), oltre a ""Cronisti d'assalto"" (1994), ""Qualcosa di cui‚Ä¶ sparlare"" (1995) e ""A Civil Action"" (1998), che gli vale la sesta candidatura all‚ÄôOscar. Nel nuovo millennio partecipa a produzioni importanti come ""Fuori in 60 secondi"" (2000), ""Il sesto giorno"" (2001) e ""John Q"" (2002), dirigendo e producendo anche ""Assassination Tango"" (2002). Accetta ruoli minori ma incisivi in ""Terra di confine ‚Äì Open Range"" (2003), ""Thank You for Smoking"" (2005), ""I padroni della notte"" (2007) e ""Crazy Heart"" (2009), oltre a ""Broken Trail ‚Äì Un viaggio pericoloso"" (2006), vincitore di due Emmy. Nel 2010 torna protagonista con ""The Funeral Party"" e viene scelto da Terry Gilliam per ""The Man Who Killed Don Quixote"", progetto poi sospeso per problemi finanziari. Nel 2011 interpreta ""Seven Days in Utopia"" e nel 2014 √® coprotagonista in ""The Judge"" con Robert Downey Jr., ruolo che gli vale la settima candidatura a Oscar e Golden Globe. Robert Duvall √® stato un sostenitore del Partito Repubblicano, appoggiando figure come George W. Bush, Rudy Giuliani, John McCain e Mitt Romney, ricevendo nel 2005 la National Medal of Arts. Con la moglie Luciana Pedraza, nel 2011 aveva fondato il Robert Duvall Children's Fund per aiutare famiglie in Argentina e ha sostenuto Pro Mujer, organizzazione dedicata alle donne pi√π povere dell'America Latina. Duvall si √® sposato quattro volte: con la ballerina Barbara Benjamin dal 1964 al 1975; con l'attrice Gail Youngs dal 1982 al 1986; poi con la ballerina Sharon Brophy dal 1991 al 1996. Nel 1997 inizi√≤ una relazione con l'attrice argentina Luciana Pedraza che ha sposato nel 2005. Nonostante i quattro matrimoni, non ha mai avuto figli e, secondo quanto dichiarato nel 2007 dall'attore, la probabile causa sarebbe stata una sua infertilit√†. Tra i suoi amici pi√π stretti figurano James Caan e Francis Ford Coppola, che testimoniano la sua capacit√† di creare legami duraturi basati sul rispetto e sull'arte condivisa. (di Paolo Martini)
‚Äîspettacoliwebinfo@adnkronos.com (Web Info)
E‚Äô morto Robert Duvall, l‚Äôattore aveva 95 anni
Lun, 16/02/2026 - 19:33
Condividi su:"
